Titulo,Estado,Precio
The Picture of Dorian Gray,Extraviado,12737
The Hunger Games,Extraviado,13414
The Outsiders,Prestado,7931
Crime and Punishment,Extraviado,10865
Siddhartha,Prestado,9769
Crime and Punishment,Extraviado,8358
The Sun Also Rises,Disponible,9960
The Scarlet Letter,Extraviado,6501
Don Quixote,Extraviado,7152
The Count of Monte Cristo,Extraviado,10368
The Girl with the Dragon Tattoo,Prestado,12919
The Jungle Book,Extraviado,14145
The Brothers Karamazov,Extraviado,14609
The Count of Monte Cristo,Prestado,7705
The Shining,Extraviado,8790
The Girl with the Dragon Tattoo,Extraviado,9051
War and Peace,Prestado,10640
The Girl with the Dragon Tattoo,Disponible,9935
1984,Prestado,10901
The Catcher in the Rye,Extraviado,12730
The Chronicles of Narnia,Prestado,10806
1984,Extraviado,8265
1984,Prestado,10462
The Scarlet Letter,Disponible,11064
The Da Vinci Code,Extraviado,7170
The Iliad,Extraviado,13720
A Tale of Two Cities,Prestado,13210
The Brothers Karamazov,Extraviado,9689
To Kill a Mockingbird,Prestado,14723
Les Misérables,Disponible,9277
The Hobbit,Prestado,9679
The Divine Comedy,Disponible,14721
The Odyssey,Disponible,12629
The Chronicles of Narnia,Disponible,13805
The Grapes of Wrath,Prestado,6978
Crime and Punishment,Disponible,10692
War and Peace,Disponible,5561
Pride and Prejudice,Prestado,10583
The Da Vinci Code,Prestado,11882
Moby-Dick,Disponible,5155
The Hunger Games,Extraviado,14900
The Art of War,Disponible,6455
The Catcher in the Rye,Extraviado,6771
Siddhartha,Extraviado,13909
The Great Gatsby,Extraviado,7677
Frankenstein,Prestado,5667
The Road,Prestado,7033
The Girl with the Dragon Tattoo,Disponible,8666
The Scarlet Letter,Extraviado,11042
Alice's Adventures in Wonderland,Prestado,8713
The Count of Monte Cristo,Prestado,12603
The Outsiders,Extraviado,11861
To Kill a Mockingbird,Extraviado,12207
Moby-Dick,Disponible,9047
The Great Gatsby,Prestado,8662
The Iliad,Disponible,12976
Great Expectations,Prestado,14620
The Catcher in the Rye,Disponible,13281
The Brothers Karamazov,Prestado,5335
The War of the Worlds,Disponible,8895
Anna Karenina,Prestado,10316
The Shining,Disponible,5570
Crime and Punishment,Extraviado,14232
Jane Eyre,Disponible,13737
The Harry Potter series,Disponible,10705
The Catcher in the Rye,Extraviado,6001
Dracula,Disponible,5906
The Da Vinci Code,Extraviado,13671
Brave New World,Extraviado,6975
The Divine Comedy,Prestado,10826
Don Quixote,Extraviado,14954
Anna Karenina,Extraviado,10185
The Art of War,Disponible,12208
Wuthering Heights,Extraviado,7890
Jane Eyre,Disponible,13784
The Grapes of Wrath,Prestado,5548
1984,Disponible,8033
Crime and Punishment,Disponible,7513
The Road,Disponible,14970
The Great Gatsby,Disponible,9240
Wuthering Heights,Prestado,11864
The Alchemist,Prestado,13187
The Outsiders,Extraviado,9843
The Picture of Dorian Gray,Disponible,14054
The Chronicles of Narnia,Prestado,5227
The Lord of the Rings,Extraviado,13760
Les Misérables,Extraviado,6144
The Iliad,Disponible,5490
Crime and Punishment,Prestado,12179
Great Expectations,Prestado,5923
The Canterbury Tales,Disponible,11721
The Hitchhiker's Guide to the Galaxy,Prestado,14653
The Road,Disponible,6376
The Road,Extraviado,13803
The Alchemist,Disponible,9093
Frankenstein,Prestado,14893
The Adventures of Sherlock Holmes,Disponible,14263
The Outsiders,Prestado,14103
Jane Eyre,Disponible,5089
Dracula,Prestado,12696
Brave New World,Prestado,10345
Alice's Adventures in Wonderland,Extraviado,10253
The Harry Potter series,Extraviado,9190
The Da Vinci Code,Prestado,10846
The Shining,Extraviado,13724
Alice's Adventures in Wonderland,Disponible,5110
The Art of War,Prestado,13330
Moby-Dick,Disponible,9263
Dracula,Extraviado,10386
Crime and Punishment,Prestado,12103
Great Expectations,Disponible,8997
The Picture of Dorian Gray,Extraviado,7823
The Canterbury Tales,Prestado,11800
The Brothers Karamazov,Prestado,14465
The Old Man and the Sea,Disponible,12391
Alice's Adventures in Wonderland,Extraviado,7131
Alice's Adventures in Wonderland,Extraviado,10475
Moby-Dick,Prestado,9413
The Adventures of Sherlock Holmes,Extraviado,11798
The Brothers Karamazov,Prestado,10172
The Road,Extraviado,8695
The Girl with the Dragon Tattoo,Extraviado,11326
The Art of War,Extraviado,9309
Dracula,Extraviado,7293
The War of the Worlds,Disponible,13720
The Outsiders,Disponible,13829
Don Quixote,Disponible,14210
The Sun Also Rises,Extraviado,11910
The Outsiders,Prestado,11589
The Sun Also Rises,Extraviado,13107
The Divine Comedy,Disponible,9982
The Da Vinci Code,Disponible,13469
Dracula,Extraviado,8591
Wuthering Heights,Extraviado,14308
1984,Extraviado,5713
A Tale of Two Cities,Prestado,11558
Anna Karenina,Disponible,11717
The Scarlet Letter,Disponible,8299
The Girl with the Dragon Tattoo,Prestado,12528
The Hitchhiker's Guide to the Galaxy,Extraviado,7428
The Alchemist,Extraviado,8429
The Harry Potter series,Disponible,7894
The Brothers Karamazov,Prestado,14708
The Hitchhiker's Guide to the Galaxy,Extraviado,5271
The Hobbit,Disponible,7790
Wuthering Heights,Prestado,12051
Don Quixote,Extraviado,13161
The Odyssey,Extraviado,14598
The Road,Prestado,7886
The Catcher in the Rye,Disponible,12129
The Hunger Games,Extraviado,13640
The Hitchhiker's Guide to the Galaxy,Disponible,9224
The Da Vinci Code,Prestado,14646
War and Peace,Disponible,9519
The Lord of the Rings,Extraviado,9245
The Picture of Dorian Gray,Prestado,7152
The War of the Worlds,Prestado,5198
To Kill a Mockingbird,Extraviado,7327
The Old Man and the Sea,Disponible,14807
Moby-Dick,Extraviado,13224
Siddhartha,Extraviado,14656
The Harry Potter series,Prestado,13103
The Alchemist,Extraviado,13744
The Art of War,Extraviado,10456
The Adventures of Sherlock Holmes,Extraviado,10338
The Art of War,Prestado,11262
The Sun Also Rises,Disponible,7226
The Harry Potter series,Prestado,14071
The Great Gatsby,Prestado,6516
The Canterbury Tales,Prestado,12394
The Outsiders,Extraviado,14818
Les Misérables,Prestado,7213
The Harry Potter series,Extraviado,12162
The Brothers Karamazov,Extraviado,5912
The Shining,Disponible,8014
The Divine Comedy,Disponible,10169
The Old Man and the Sea,Extraviado,8779
Jane Eyre,Prestado,10539
The Harry Potter series,Extraviado,7804
To Kill a Mockingbird,Disponible,7847
The Great Gatsby,Disponible,6925
The Count of Monte Cristo,Extraviado,6277
The Hunger Games,Disponible,9622
Pride and Prejudice,Extraviado,8016
Don Quixote,Extraviado,12591
The Sun Also Rises,Prestado,12679
1984,Extraviado,6846
Crime and Punishment,Extraviado,6550
Dracula,Disponible,8231
Frankenstein,Extraviado,11363
Frankenstein,Prestado,11714
The Harry Potter series,Disponible,9664
The Brothers Karamazov,Extraviado,14871
The Iliad,Disponible,6596
The Girl with the Dragon Tattoo,Prestado,9241
The Art of War,Disponible,8656
The Hunger Games,Prestado,10950
The Chronicles of Narnia,Disponible,14539
The Da Vinci Code,Disponible,13331
Frankenstein,Prestado,11781
Wuthering Heights,Extraviado,10210
The Adventures of Sherlock Holmes,Disponible,12356
Crime and Punishment,Disponible,6891
The Catcher in the Rye,Disponible,6221
Frankenstein,Disponible,14048
The Shining,Disponible,9967
The Road,Prestado,14337
The Lord of the Rings,Extraviado,9650
The Divine Comedy,Prestado,6161
The Scarlet Letter,Disponible,8888
A Tale of Two Cities,Disponible,8244
Les Misérables,Prestado,11840
The Hunger Games,Extraviado,5041
Frankenstein,Disponible,5278
The Great Gatsby,Extraviado,11598
The Canterbury Tales,Extraviado,5593
Pride and Prejudice,Disponible,6744
The Canterbury Tales,Disponible,13124
The Art of War,Extraviado,5648
The Da Vinci Code,Disponible,11285
The Grapes of Wrath,Extraviado,12039
The Hunger Games,Disponible,11003
Les Misérables,Extraviado,11565
The War of the Worlds,Extraviado,8622
The Divine Comedy,Disponible,5771
The Old Man and the Sea,Disponible,7279
A Tale of Two Cities,Prestado,10868
The Old Man and the Sea,Prestado,7878
The Road,Extraviado,12000
The Hobbit,Disponible,13747
The Road,Prestado,9142
The Road,Prestado,6359
The Odyssey,Extraviado,11795
The Count of Monte Cristo,Disponible,13723
The Old Man and the Sea,Prestado,11066
The Chronicles of Narnia,Prestado,11617
The Art of War,Disponible,13455
The Outsiders,Disponible,10362
The Divine Comedy,Disponible,9895
The Count of Monte Cristo,Extraviado,9426
Brave New World,Prestado,14760
The Girl with the Dragon Tattoo,Disponible,6930
Jane Eyre,Disponible,10659
The Road,Disponible,11255
The Adventures of Sherlock Holmes,Prestado,12250
Crime and Punishment,Extraviado,13249
Dracula,Prestado,9499
War and Peace,Extraviado,9215
The Count of Monte Cristo,Disponible,12448
Crime and Punishment,Extraviado,14335
The Count of Monte Cristo,Disponible,12053
The Alchemist,Disponible,14753
The Divine Comedy,Disponible,8392
The Brothers Karamazov,Disponible,11984
Anna Karenina,Extraviado,13804
The Alchemist,Prestado,12748
The Iliad,Extraviado,7401
The Shining,Disponible,6854
The Iliad,Prestado,5232
Wuthering Heights,Extraviado,8663
The Brothers Karamazov,Prestado,9851
The Chronicles of Narnia,Prestado,14844
The Art of War,Extraviado,8925
Les Misérables,Disponible,5478
The Hitchhiker's Guide to the Galaxy,Prestado,12280
Don Quixote,Disponible,13244
Les Misérables,Extraviado,8622
The Brothers Karamazov,Extraviado,8140
The Canterbury Tales,Extraviado,9870
The Sun Also Rises,Prestado,6658
The War of the Worlds,Disponible,14370
Pride and Prejudice,Prestado,7766
Alice's Adventures in Wonderland,Prestado,10497
Alice's Adventures in Wonderland,Prestado,8769
The Picture of Dorian Gray,Extraviado,6414
Wuthering Heights,Prestado,11164
The Shining,Disponible,14983
The Grapes of Wrath,Prestado,10787
The Sun Also Rises,Disponible,11391
Great Expectations,Prestado,5399
The Canterbury Tales,Extraviado,9537
The Da Vinci Code,Prestado,14768
Don Quixote,Extraviado,12207
The Iliad,Prestado,6469
Frankenstein,Prestado,5973
Anna Karenina,Disponible,9884
The Shining,Extraviado,6659
The Da Vinci Code,Extraviado,5534
The Scarlet Letter,Extraviado,10892
The Old Man and the Sea,Prestado,12782
The Sun Also Rises,Disponible,9681
The Harry Potter series,Disponible,12110
The Outsiders,Prestado,5922
Don Quixote,Extraviado,13441
Brave New World,Extraviado,12470
Frankenstein,Extraviado,10137
The Chronicles of Narnia,Prestado,14525
The Old Man and the Sea,Prestado,11817
Brave New World,Prestado,10157
Wuthering Heights,Disponible,10097
The Alchemist,Extraviado,12889
The Art of War,Extraviado,12114
The Girl with the Dragon Tattoo,Extraviado,7056
Wuthering Heights,Extraviado,13780
The Outsiders,Disponible,8937
The Canterbury Tales,Disponible,8345
The Canterbury Tales,Prestado,10357
Siddhartha,Prestado,13572
Siddhartha,Extraviado,9548
The Da Vinci Code,Disponible,7045
The Alchemist,Extraviado,5423
The Grapes of Wrath,Prestado,13670
The Shining,Prestado,9451
A Tale of Two Cities,Prestado,14804
The Harry Potter series,Prestado,6630
Alice's Adventures in Wonderland,Prestado,10797
The Girl with the Dragon Tattoo,Extraviado,12135
A Tale of Two Cities,Extraviado,5634
Don Quixote,Extraviado,10464
War and Peace,Disponible,13318
Crime and Punishment,Disponible,12383
The Harry Potter series,Disponible,9718
One Hundred Years of Solitude,Extraviado,12215
To Kill a Mockingbird,Prestado,12333
The Canterbury Tales,Extraviado,13039
The Brothers Karamazov,Extraviado,9614
The Canterbury Tales,Extraviado,11087
The Hobbit,Disponible,10903
Dracula,Disponible,12673
Great Expectations,Extraviado,8091
The Art of War,Extraviado,8281
The Girl with the Dragon Tattoo,Disponible,7823
The Jungle Book,Disponible,11617
The Odyssey,Disponible,6876
The Count of Monte Cristo,Extraviado,10418
Jane Eyre,Disponible,8978
The Girl with the Dragon Tattoo,Disponible,14590
Crime and Punishment,Extraviado,8992
Moby-Dick,Prestado,14308
The Shining,Disponible,8668
The Harry Potter series,Disponible,9695
The Count of Monte Cristo,Extraviado,12251
The Hunger Games,Extraviado,11397
The Girl with the Dragon Tattoo,Disponible,9597
The Art of War,Prestado,12177
The Alchemist,Extraviado,7269
Great Expectations,Prestado,14903
Crime and Punishment,Prestado,9339
The Divine Comedy,Prestado,10934
Crime and Punishment,Prestado,6797
The Da Vinci Code,Prestado,12576
The Da Vinci Code,Prestado,7027
The Adventures of Sherlock Holmes,Prestado,7951
The Shining,Prestado,13973
The War of the Worlds,Prestado,14817
Alice's Adventures in Wonderland,Prestado,5334
The Odyssey,Prestado,6094
The Adventures of Sherlock Holmes,Extraviado,6703
Moby-Dick,Disponible,7613
The Iliad,Prestado,12703
Crime and Punishment,Disponible,7864
Siddhartha,Prestado,11275
The Adventures of Sherlock Holmes,Disponible,11861
The Da Vinci Code,Extraviado,11817
The Road,Extraviado,12270
The Chronicles of Narnia,Extraviado,11742
The Chronicles of Narnia,Prestado,14716
The Canterbury Tales,Prestado,8148
The Scarlet Letter,Disponible,7012
The Road,Prestado,13786
Les Misérables,Extraviado,8063
The Hobbit,Disponible,13223
The Brothers Karamazov,Prestado,5203
Les Misérables,Disponible,9031
The War of the Worlds,Prestado,8667
War and Peace,Extraviado,11302
The Count of Monte Cristo,Extraviado,10085
The Outsiders,Prestado,11359
The Odyssey,Prestado,11759
Frankenstein,Disponible,14288
The Scarlet Letter,Prestado,14932
The Harry Potter series,Prestado,6589
The Outsiders,Extraviado,7475
War and Peace,Prestado,5481
The Great Gatsby,Extraviado,8386
Wuthering Heights,Disponible,10677
The Alchemist,Extraviado,8244
Les Misérables,Prestado,5229
The War of the Worlds,Disponible,10998
The Scarlet Letter,Prestado,14824
Jane Eyre,Extraviado,7822
The Hunger Games,Disponible,10232
The Sun Also Rises,Extraviado,7915
The Da Vinci Code,Prestado,5723
Brave New World,Extraviado,6532
Wuthering Heights,Disponible,7151
The Divine Comedy,Prestado,10760
The Grapes of Wrath,Disponible,7458
The Shining,Prestado,9832
The Hitchhiker's Guide to the Galaxy,Prestado,8134
The Jungle Book,Prestado,14898
Jane Eyre,Prestado,12152
Anna Karenina,Prestado,5536
Jane Eyre,Extraviado,11455
Anna Karenina,Disponible,12575
The Divine Comedy,Extraviado,13771
Siddhartha,Extraviado,9759
Don Quixote,Extraviado,10063
Wuthering Heights,Prestado,11268
The Da Vinci Code,Prestado,10575
The Iliad,Extraviado,8736
The Shining,Extraviado,8299
The Girl with the Dragon Tattoo,Prestado,14860
Brave New World,Prestado,5920
The Odyssey,Disponible,12669
A Tale of Two Cities,Extraviado,9583
The Alchemist,Prestado,11413
The Alchemist,Disponible,10189
The Art of War,Extraviado,13013
1984,Extraviado,9821
The Road,Extraviado,14936
One Hundred Years of Solitude,Disponible,8748
Anna Karenina,Prestado,12808
The Brothers Karamazov,Extraviado,10619
The Canterbury Tales,Disponible,13866
The Shining,Extraviado,8692
The War of the Worlds,Disponible,11469
Pride and Prejudice,Prestado,10911
Moby-Dick,Disponible,10130
Moby-Dick,Disponible,12686
Crime and Punishment,Disponible,5915
The Adventures of Sherlock Holmes,Extraviado,14269
The Road,Disponible,6618
Frankenstein,Disponible,12455
One Hundred Years of Solitude,Extraviado,14748
One Hundred Years of Solitude,Disponible,9581
Brave New World,Extraviado,10769
The Shining,Disponible,9475
Les Misérables,Prestado,10084
Alice's Adventures in Wonderland,Disponible,10431
The Great Gatsby,Extraviado,12130
The Alchemist,Prestado,6440
The Grapes of Wrath,Prestado,14048
The Jungle Book,Extraviado,13611
The Old Man and the Sea,Prestado,5449
Wuthering Heights,Prestado,13263
Alice's Adventures in Wonderland,Extraviado,14000
Anna Karenina,Disponible,8694
1984,Extraviado,12983
The Alchemist,Extraviado,8589
The Harry Potter series,Disponible,14861
The Picture of Dorian Gray,Extraviado,11595
The Great Gatsby,Extraviado,14099
Frankenstein,Disponible,11937
The Old Man and the Sea,Prestado,8340
The Hitchhiker's Guide to the Galaxy,Disponible,13568
Frankenstein,Extraviado,7897
The Art of War,Prestado,10203
The Hitchhiker's Guide to the Galaxy,Disponible,11606
Les Misérables,Disponible,6658
Crime and Punishment,Extraviado,9895
To Kill a Mockingbird,Disponible,13721
War and Peace,Prestado,14316
The Iliad,Disponible,7302
One Hundred Years of Solitude,Prestado,9958
The Sun Also Rises,Disponible,7902
Don Quixote,Disponible,11238
The Odyssey,Disponible,5107
The Old Man and the Sea,Extraviado,5030
The Girl with the Dragon Tattoo,Extraviado,8753
Anna Karenina,Extraviado,7301
The Harry Potter series,Disponible,5495
The Jungle Book,Extraviado,6537
The Sun Also Rises,Disponible,12961
Pride and Prejudice,Disponible,11790
The Shining,Extraviado,9405
Jane Eyre,Prestado,7616
The Grapes of Wrath,Disponible,13502
The Adventures of Sherlock Holmes,Disponible,7951
The Art of War,Prestado,14200
Alice's Adventures in Wonderland,Extraviado,10029
The Iliad,Extraviado,5969
1984,Extraviado,8532
The Hobbit,Extraviado,8266
The Hunger Games,Extraviado,6213
Moby-Dick,Prestado,7136
The Divine Comedy,Disponible,13814
The Road,Prestado,9342
Crime and Punishment,Extraviado,9398
1984,Prestado,10588
The Catcher in the Rye,Disponible,8838
Frankenstein,Disponible,10418
The Da Vinci Code,Prestado,7901
Jane Eyre,Disponible,14785
The Great Gatsby,Prestado,9422
Moby-Dick,Disponible,13703
War and Peace,Prestado,12685
The Chronicles of Narnia,Extraviado,8015
The Brothers Karamazov,Disponible,11093
The Shining,Extraviado,8672
War and Peace,Prestado,12110
The Grapes of Wrath,Prestado,10086
The Lord of the Rings,Disponible,14013
The Lord of the Rings,Disponible,11199
The Road,Extraviado,7622
The Hitchhiker's Guide to the Galaxy,Disponible,10481
The Hunger Games,Disponible,6191
Anna Karenina,Prestado,6491
The Picture of Dorian Gray,Disponible,9494
The Girl with the Dragon Tattoo,Disponible,8205
Siddhartha,Extraviado,13747
The Grapes of Wrath,Extraviado,10296
The Hunger Games,Extraviado,6160
War and Peace,Extraviado,6242
Anna Karenina,Disponible,8553
The Hobbit,Extraviado,8893
Wuthering Heights,Extraviado,5536
Alice's Adventures in Wonderland,Extraviado,13713
Jane Eyre,Prestado,6551
The Lord of the Rings,Extraviado,12647
The Hitchhiker's Guide to the Galaxy,Extraviado,8161
The Harry Potter series,Disponible,5316
The Iliad,Disponible,9550
War and Peace,Prestado,11232
The Adventures of Sherlock Holmes,Extraviado,10600
The Odyssey,Extraviado,14636
The Scarlet Letter,Disponible,8087
The Da Vinci Code,Prestado,7683
The Hitchhiker's Guide to the Galaxy,Prestado,6785
Les Misérables,Disponible,9090
The Road,Prestado,14604
The Outsiders,Prestado,5263
The Old Man and the Sea,Extraviado,9509
The Art of War,Prestado,11641
Brave New World,Extraviado,13646
One Hundred Years of Solitude,Disponible,13861
The Brothers Karamazov,Prestado,8093
The Divine Comedy,Disponible,8424
Jane Eyre,Extraviado,9720
Great Expectations,Disponible,5780
The Canterbury Tales,Extraviado,9075
Don Quixote,Extraviado,12498
The Da Vinci Code,Prestado,14403
Alice's Adventures in Wonderland,Disponible,12240
The Outsiders,Disponible,8796
Siddhartha,Disponible,12616
The Art of War,Prestado,5115
Pride and Prejudice,Prestado,12048
The Chronicles of Narnia,Disponible,5191
The Hitchhiker's Guide to the Galaxy,Prestado,8800
The Lord of the Rings,Extraviado,6312
The Outsiders,Prestado,6897
1984,Prestado,11968
To Kill a Mockingbird,Extraviado,6842
A Tale of Two Cities,Extraviado,7061
The Sun Also Rises,Extraviado,7598
The Adventures of Sherlock Holmes,Prestado,12463
The Outsiders,Extraviado,5989
Dracula,Extraviado,6712
The Sun Also Rises,Extraviado,13234
The Hobbit,Disponible,6579
Crime and Punishment,Prestado,11538
The Odyssey,Disponible,13544
The Girl with the Dragon Tattoo,Prestado,13352
Moby-Dick,Prestado,10900
The Outsiders,Disponible,14441
The Picture of Dorian Gray,Extraviado,7179
The Da Vinci Code,Prestado,12050
The Canterbury Tales,Prestado,11273
To Kill a Mockingbird,Prestado,14920
The Canterbury Tales,Prestado,5251
The Shining,Disponible,9356
The Divine Comedy,Disponible,14094
The Adventures of Sherlock Holmes,Extraviado,6764
War and Peace,Disponible,14011
The Divine Comedy,Disponible,13476
The Great Gatsby,Disponible,8897
Dracula,Disponible,9833
The Girl with the Dragon Tattoo,Prestado,7512
Les Misérables,Extraviado,12193
The Old Man and the Sea,Prestado,12476
The Old Man and the Sea,Prestado,10078
Les Misérables,Disponible,9206
The Shining,Disponible,5236
The Canterbury Tales,Extraviado,5892
Great Expectations,Disponible,11725
The Scarlet Letter,Extraviado,5704
Pride and Prejudice,Disponible,14039
The Odyssey,Prestado,13015
One Hundred Years of Solitude,Prestado,9738
The Scarlet Letter,Prestado,13467
Alice's Adventures in Wonderland,Prestado,10003
The Alchemist,Extraviado,14466
The Girl with the Dragon Tattoo,Prestado,12820
Alice's Adventures in Wonderland,Disponible,5104
The Da Vinci Code,Prestado,7248
The Adventures of Sherlock Holmes,Disponible,11955
The Hunger Games,Extraviado,11075
The Divine Comedy,Extraviado,13412
Crime and Punishment,Extraviado,14902
The Odyssey,Extraviado,7248
The Hunger Games,Prestado,14747
Les Misérables,Prestado,6372
The Canterbury Tales,Extraviado,12895
The Grapes of Wrath,Disponible,11848
A Tale of Two Cities,Extraviado,7876
Wuthering Heights,Prestado,7396
The Lord of the Rings,Prestado,5140
The Hobbit,Extraviado,9533
Pride and Prejudice,Prestado,8635
A Tale of Two Cities,Extraviado,13732
The Hobbit,Disponible,5521
The Hitchhiker's Guide to the Galaxy,Prestado,13418
The Iliad,Disponible,13358
The Iliad,Extraviado,13582
Brave New World,Prestado,10151
A Tale of Two Cities,Disponible,8567
The Scarlet Letter,Prestado,9987
The Hunger Games,Disponible,6738
Pride and Prejudice,Disponible,9823
Pride and Prejudice,Extraviado,14019
The Old Man and the Sea,Disponible,7455
The Brothers Karamazov,Extraviado,14444
Frankenstein,Disponible,12181
The Hitchhiker's Guide to the Galaxy,Extraviado,14604
The Sun Also Rises,Prestado,13774
Wuthering Heights,Extraviado,10509
The Sun Also Rises,Prestado,10083
The War of the Worlds,Prestado,12036
Pride and Prejudice,Disponible,10776
Don Quixote,Disponible,6756
Brave New World,Prestado,12660
Crime and Punishment,Prestado,5426
Pride and Prejudice,Prestado,10990
Pride and Prejudice,Extraviado,14777
The Da Vinci Code,Disponible,6262
One Hundred Years of Solitude,Prestado,10930
The Odyssey,Extraviado,10995
The Girl with the Dragon Tattoo,Disponible,8373
The Da Vinci Code,Prestado,8446
The Sun Also Rises,Disponible,13969
Alice's Adventures in Wonderland,Prestado,11226
The Old Man and the Sea,Disponible,11397
The Road,Disponible,11875
The Catcher in the Rye,Disponible,10614
Les Misérables,Disponible,9032
The Scarlet Letter,Extraviado,14604
Anna Karenina,Extraviado,10962
Brave New World,Disponible,13618
Dracula,Prestado,14629
1984,Prestado,8338
Frankenstein,Extraviado,10735
Dracula,Prestado,12281
The Art of War,Disponible,7537
War and Peace,Disponible,13450
A Tale of Two Cities,Disponible,13813
The Grapes of Wrath,Prestado,10963
Dracula,Prestado,6853
The Odyssey,Extraviado,9546
Crime and Punishment,Extraviado,7665
Don Quixote,Disponible,13885
Siddhartha,Disponible,10389
The Grapes of Wrath,Disponible,9988
The Chronicles of Narnia,Prestado,11479
The Road,Disponible,5493
The Da Vinci Code,Extraviado,8108
The Adventures of Sherlock Holmes,Prestado,5647
The Lord of the Rings,Prestado,13453
The Scarlet Letter,Extraviado,6793
The Picture of Dorian Gray,Prestado,14796
Les Misérables,Extraviado,7694
Frankenstein,Extraviado,9875
The Hunger Games,Extraviado,12643
Wuthering Heights,Disponible,11603
The Canterbury Tales,Extraviado,14463
Dracula,Extraviado,12483
Pride and Prejudice,Disponible,10295
The Chronicles of Narnia,Extraviado,6995
The Alchemist,Extraviado,14521
The Odyssey,Extraviado,7305
The Odyssey,Disponible,11840
The Sun Also Rises,Disponible,5698
Moby-Dick,Disponible,13588
The Hobbit,Extraviado,8684
Great Expectations,Extraviado,10210
The Jungle Book,Disponible,9907
The Old Man and the Sea,Extraviado,8278
The War of the Worlds,Extraviado,12810
The War of the Worlds,Extraviado,14374
The Harry Potter series,Disponible,8411
The Da Vinci Code,Disponible,6295
The Hobbit,Prestado,5836
The Chronicles of Narnia,Disponible,5149
The Chronicles of Narnia,Disponible,12403
The Road,Prestado,13245
Don Quixote,Disponible,9151
The Odyssey,Extraviado,13426
The Chronicles of Narnia,Disponible,8770
The Count of Monte Cristo,Disponible,7405
The Road,Prestado,11755
The Scarlet Letter,Disponible,9136
Pride and Prejudice,Disponible,5383
The Adventures of Sherlock Holmes,Disponible,9816
To Kill a Mockingbird,Extraviado,9082
Great Expectations,Disponible,14725
Great Expectations,Extraviado,13501
Brave New World,Prestado,10192
Dracula,Prestado,11971
The Sun Also Rises,Disponible,8728
To Kill a Mockingbird,Disponible,9225
Moby-Dick,Extraviado,13926
The Lord of the Rings,Extraviado,6818
The Lord of the Rings,Disponible,9398
The Lord of the Rings,Extraviado,6215
The War of the Worlds,Disponible,9693
The Shining,Prestado,6324
The Road,Prestado,8691
The Girl with the Dragon Tattoo,Disponible,13495
A Tale of Two Cities,Prestado,5572
To Kill a Mockingbird,Prestado,8140
The Road,Extraviado,7860
Frankenstein,Disponible,11067
Great Expectations,Disponible,8326
Don Quixote,Extraviado,8437
The Jungle Book,Extraviado,8043
1984,Extraviado,8876
The Brothers Karamazov,Prestado,5288
War and Peace,Prestado,9302
Jane Eyre,Prestado,8889
Great Expectations,Prestado,11185
The Adventures of Sherlock Holmes,Disponible,9440
The Picture of Dorian Gray,Prestado,9886
The Jungle Book,Disponible,8621
The Scarlet Letter,Prestado,12764
The Outsiders,Extraviado,14713
To Kill a Mockingbird,Prestado,13500
Wuthering Heights,Disponible,13798
The Count of Monte Cristo,Prestado,8435
One Hundred Years of Solitude,Disponible,7932
The Girl with the Dragon Tattoo,Prestado,5311
The Harry Potter series,Extraviado,9296
The Scarlet Letter,Disponible,9553
Dracula,Extraviado,7502
Crime and Punishment,Disponible,9915
Great Expectations,Prestado,12308
Moby-Dick,Prestado,10433
One Hundred Years of Solitude,Extraviado,7860
The Da Vinci Code,Disponible,14455
Anna Karenina,Disponible,5438
The Alchemist,Disponible,14644
The Harry Potter series,Prestado,7149
One Hundred Years of Solitude,Disponible,13102
One Hundred Years of Solitude,Prestado,12806
Siddhartha,Extraviado,11154
The Chronicles of Narnia,Extraviado,7920
The Road,Prestado,12452
The Picture of Dorian Gray,Disponible,10351
Frankenstein,Prestado,6392
The Scarlet Letter,Extraviado,10475
The Divine Comedy,Extraviado,8876
The Count of Monte Cristo,Disponible,11425
Jane Eyre,Extraviado,5647
The Great Gatsby,Extraviado,6325
The Art of War,Disponible,7064
The Catcher in the Rye,Prestado,9014
The Chronicles of Narnia,Extraviado,11455
Crime and Punishment,Disponible,8792
Crime and Punishment,Extraviado,8304
Siddhartha,Extraviado,7253
The Harry Potter series,Prestado,9650
The Grapes of Wrath,Prestado,6304
Moby-Dick,Extraviado,13226
Dracula,Prestado,13505
The Sun Also Rises,Disponible,13669
Great Expectations,Prestado,7557
Great Expectations,Disponible,7009
The Chronicles of Narnia,Extraviado,8293
The Sun Also Rises,Prestado,13464
The Hobbit,Disponible,13118
The Alchemist,Disponible,11945
Pride and Prejudice,Extraviado,14587
The Outsiders,Disponible,14581
The Great Gatsby,Disponible,9109
Great Expectations,Disponible,11611
The Picture of Dorian Gray,Prestado,6524
The Girl with the Dragon Tattoo,Disponible,9546
The Lord of the Rings,Prestado,8857
The Da Vinci Code,Extraviado,14995
The Hobbit,Extraviado,9538
The Canterbury Tales,Disponible,11940
The Harry Potter series,Prestado,7834
Don Quixote,Extraviado,12350
Dracula,Disponible,13455
Great Expectations,Extraviado,13852
The Harry Potter series,Extraviado,6922
The Art of War,Extraviado,13323
The Great Gatsby,Extraviado,6764
Siddhartha,Disponible,13306
Dracula,Prestado,6409
Siddhartha,Prestado,10989
Great Expectations,Prestado,11971
Jane Eyre,Extraviado,7528
A Tale of Two Cities,Disponible,10055
The Shining,Disponible,7188
1984,Extraviado,6923
The Girl with the Dragon Tattoo,Disponible,13545
The Adventures of Sherlock Holmes,Disponible,7702
Frankenstein,Prestado,12412
The Hunger Games,Prestado,12555
Alice's Adventures in Wonderland,Disponible,6405
The Count of Monte Cristo,Extraviado,14145
The Sun Also Rises,Prestado,7567
Pride and Prejudice,Extraviado,10085
The Grapes of Wrath,Prestado,14404
The Odyssey,Extraviado,6022
The Canterbury Tales,Prestado,11964
To Kill a Mockingbird,Prestado,13634
The Chronicles of Narnia,Prestado,6682
The Shining,Extraviado,9854
The Picture of Dorian Gray,Disponible,9132
Great Expectations,Disponible,5745
The Canterbury Tales,Extraviado,12469
The Brothers Karamazov,Prestado,6461
The Brothers Karamazov,Disponible,13189
To Kill a Mockingbird,Extraviado,11622
The Sun Also Rises,Disponible,5706
The Grapes of Wrath,Extraviado,13344
Crime and Punishment,Extraviado,5761
The Odyssey,Prestado,7260
The Old Man and the Sea,Extraviado,12076
The Count of Monte Cristo,Prestado,7687
Pride and Prejudice,Extraviado,7884
The Divine Comedy,Extraviado,14298
The Hitchhiker's Guide to the Galaxy,Prestado,6827
The Canterbury Tales,Disponible,14727
One Hundred Years of Solitude,Disponible,13968
The Hitchhiker's Guide to the Galaxy,Prestado,7153
The Da Vinci Code,Disponible,7765
One Hundred Years of Solitude,Prestado,8968
Don Quixote,Prestado,13024
War and Peace,Extraviado,7161
The Hitchhiker's Guide to the Galaxy,Extraviado,9696
The Odyssey,Disponible,5237
Crime and Punishment,Extraviado,6754
The Adventures of Sherlock Holmes,Extraviado,14420
The Sun Also Rises,Extraviado,9958
The Adventures of Sherlock Holmes,Prestado,14984
The Outsiders,Extraviado,7079
Don Quixote,Prestado,11566
The Hitchhiker's Guide to the Galaxy,Extraviado,14385
The Art of War,Disponible,11682
Alice's Adventures in Wonderland,Extraviado,10863
The Lord of the Rings,Extraviado,5300
Siddhartha,Prestado,12933
The Outsiders,Prestado,7101
Anna Karenina,Disponible,6003
The Alchemist,Extraviado,9144
The Count of Monte Cristo,Extraviado,14276
Brave New World,Disponible,6009
The Brothers Karamazov,Disponible,12116
The Lord of the Rings,Extraviado,7641
Frankenstein,Disponible,9139
The Sun Also Rises,Extraviado,11435
The Brothers Karamazov,Prestado,8348
Brave New World,Prestado,7279
The War of the Worlds,Disponible,12177
The Shining,Disponible,10612
The Catcher in the Rye,Disponible,6244
The Old Man and the Sea,Extraviado,11091
One Hundred Years of Solitude,Disponible,11437
The Hunger Games,Prestado,10819
The Adventures of Sherlock Holmes,Disponible,10031
The Count of Monte Cristo,Disponible,9484
The Art of War,Disponible,11422
One Hundred Years of Solitude,Prestado,14709
The Odyssey,Prestado,13603
The Old Man and the Sea,Extraviado,11523
The War of the Worlds,Extraviado,8211
The Odyssey,Extraviado,9175
Anna Karenina,Extraviado,8515
The Scarlet Letter,Prestado,14275
Moby-Dick,Disponible,11494
The Hunger Games,Extraviado,5700
The Old Man and the Sea,Prestado,9880
Great Expectations,Extraviado,9187
The Grapes of Wrath,Prestado,12525
The Chronicles of Narnia,Disponible,9132
The Scarlet Letter,Disponible,11823
The War of the Worlds,Disponible,7704
Great Expectations,Extraviado,13186
The Hunger Games,Extraviado,6195
The Lord of the Rings,Extraviado,11671
The Alchemist,Disponible,7278
The Odyssey,Prestado,7138
One Hundred Years of Solitude,Extraviado,7086
War and Peace,Extraviado,7301
The Catcher in the Rye,Prestado,13574
War and Peace,Prestado,8852
The Great Gatsby,Disponible,10595
Alice's Adventures in Wonderland,Prestado,8653
The Road,Disponible,7482
Pride and Prejudice,Extraviado,5512
The War of the Worlds,Prestado,10635
The Hobbit,Disponible,7941
The Adventures of Sherlock Holmes,Extraviado,12296
War and Peace,Extraviado,11559
Moby-Dick,Extraviado,6312
The Hunger Games,Disponible,8059
The Road,Prestado,9386
Jane Eyre,Disponible,9854
The Divine Comedy,Prestado,5240
The Harry Potter series,Extraviado,11260
Alice's Adventures in Wonderland,Disponible,5063
The Chronicles of Narnia,Prestado,11410
The Lord of the Rings,Disponible,5344
The Da Vinci Code,Prestado,6661
The Catcher in the Rye,Prestado,7808
The Catcher in the Rye,Extraviado,14072
The Old Man and the Sea,Disponible,10138
The Sun Also Rises,Prestado,12242
The Scarlet Letter,Prestado,13789
The Brothers Karamazov,Disponible,7334
The Brothers Karamazov,Disponible,8330
The Lord of the Rings,Disponible,14646
The Picture of Dorian Gray,Prestado,13821
Alice's Adventures in Wonderland,Disponible,12970
The War of the Worlds,Extraviado,6159
Wuthering Heights,Extraviado,12197
One Hundred Years of Solitude,Disponible,12295
The Hitchhiker's Guide to the Galaxy,Extraviado,14981
The Harry Potter series,Disponible,12398
The Da Vinci Code,Prestado,11991
1984,Disponible,11935
The Old Man and the Sea,Extraviado,14123
Frankenstein,Prestado,9657
Frankenstein,Prestado,14047
The Hitchhiker's Guide to the Galaxy,Extraviado,6647
The Alchemist,Extraviado,5039
One Hundred Years of Solitude,Disponible,5511
War and Peace,Disponible,9587
The Road,Prestado,11844
War and Peace,Disponible,7485
Crime and Punishment,Disponible,12430
The Alchemist,Disponible,5979
Brave New World,Prestado,9654
The Count of Monte Cristo,Extraviado,13638
The Lord of the Rings,Prestado,14525
Siddhartha,Disponible,14013
Great Expectations,Disponible,9937
Wuthering Heights,Prestado,6264
The Da Vinci Code,Extraviado,7389
1984,Extraviado,11313
The Old Man and the Sea,Extraviado,9197
Moby-Dick,Prestado,8152
Frankenstein,Extraviado,10356
The Girl with the Dragon Tattoo,Extraviado,8668
The Hobbit,Extraviado,8807
The Harry Potter series,Extraviado,14143
Frankenstein,Extraviado,6036
Moby-Dick,Extraviado,6389
The Brothers Karamazov,Extraviado,9645
The Outsiders,Disponible,9557
Crime and Punishment,Disponible,12637
1984,Extraviado,5894
Les Misérables,Prestado,7635
The Outsiders,Disponible,7911
The Divine Comedy,Disponible,9391
Anna Karenina,Disponible,12340
Brave New World,Extraviado,7295
Les Misérables,Disponible,13040
The Divine Comedy,Extraviado,8624
Don Quixote,Prestado,14975
Brave New World,Extraviado,13820
Les Misérables,Extraviado,6470
The Picture of Dorian Gray,Extraviado,7770
Wuthering Heights,Disponible,11652
The Hunger Games,Disponible,8473
The Great Gatsby,Disponible,14446
The Lord of the Rings,Prestado,11245
The Shining,Extraviado,8470
The Jungle Book,Disponible,13846
The Outsiders,Disponible,5797
The Chronicles of Narnia,Prestado,14167
The Road,Prestado,10997
The Brothers Karamazov,Extraviado,5887
The Great Gatsby,Disponible,11362
Crime and Punishment,Extraviado,14373
A Tale of Two Cities,Disponible,7967
Jane Eyre,Extraviado,11846
The Odyssey,Extraviado,14239
The Chronicles of Narnia,Prestado,5812
The Hobbit,Extraviado,12654
The Odyssey,Prestado,13815
The Outsiders,Prestado,7227
Anna Karenina,Extraviado,12315
The Adventures of Sherlock Holmes,Extraviado,7449
Siddhartha,Prestado,12676
Les Misérables,Extraviado,8878
To Kill a Mockingbird,Extraviado,5425
Wuthering Heights,Extraviado,6050
